{
  "alpha": 0.3,
  "beta": 0.1,
  "gamma": 0.1,
  "seasonLength": 24,
  "trainedAt": "2025-11-06T15:51:37.962Z",
  "dataSize": 188,
  "evaluation": {
    "mae": 0.6828947368421052,
    "rmse": 0.7751892807905896,
    "mape": 56.69736842105263
  }
}